{
    "step1seed0.pt": {
        "env_name": "maze",
        "step": 1,
        "seed": 0,
        "mse": 0.00014954779180698097
    },
    "step1seed50.pt": {
        "env_name": "maze",
        "step": 1,
        "seed": 50,
        "mse": 0.00014839647337794304
    },
    "step1seed100.pt": {
        "env_name": "maze",
        "step": 1,
        "seed": 100,
        "mse": 0.00014961036504246294
    },
    "step1seed150.pt": {
        "env_name": "maze",
        "step": 1,
        "seed": 150,
        "mse": 0.00015010885545052588
    },
    "step1seed200.pt": {
        "env_name": "maze",
        "step": 1,
        "seed": 200,
        "mse": 0.0001489747955929488
    },
    "step1seed250.pt": {
        "env_name": "maze",
        "step": 1,
        "seed": 250,
        "mse": 0.0001494605530751869
    },
    "step1seed300.pt": {
        "env_name": "maze",
        "step": 1,
        "seed": 300,
        "mse": 0.00014923828712198883
    },
    "step1seed350.pt": {
        "env_name": "maze",
        "step": 1,
        "seed": 350,
        "mse": 0.0001493952004238963
    },
    "step1seed400.pt": {
        "env_name": "maze",
        "step": 1,
        "seed": 400,
        "mse": 0.00014894979540258646
    },
    "step1seed450.pt": {
        "env_name": "maze",
        "step": 1,
        "seed": 450,
        "mse": 0.00014993056538514793
    },
    "step1seed500.pt": {
        "env_name": "maze",
        "step": 1,
        "seed": 500,
        "mse": 0.00014962295244913548
    },
    "step10seed0.pt": {
        "env_name": "maze",
        "step": 10,
        "seed": 0,
        "mse": 0.0025486061349511147
    },
    "step10seed50.pt": {
        "env_name": "maze",
        "step": 10,
        "seed": 50,
        "mse": 0.0025482282508164644
    },
    "step10seed100.pt": {
        "env_name": "maze",
        "step": 10,
        "seed": 100,
        "mse": 0.0025639431551098824
    },
    "step10seed150.pt": {
        "env_name": "maze",
        "step": 10,
        "seed": 150,
        "mse": 0.002552435267716646
    },
    "step10seed200.pt": {
        "env_name": "maze",
        "step": 10,
        "seed": 200,
        "mse": 0.002544842194765806
    },
    "step10seed250.pt": {
        "env_name": "maze",
        "step": 10,
        "seed": 250,
        "mse": 0.002554600825533271
    },
    "step10seed300.pt": {
        "env_name": "maze",
        "step": 10,
        "seed": 300,
        "mse": 0.0025583356618881226
    },
    "step10seed350.pt": {
        "env_name": "maze",
        "step": 10,
        "seed": 350,
        "mse": 0.0025580679066479206
    },
    "step10seed400.pt": {
        "env_name": "maze",
        "step": 10,
        "seed": 400,
        "mse": 0.002552230143919587
    },
    "step10seed450.pt": {
        "env_name": "maze",
        "step": 10,
        "seed": 450,
        "mse": 0.002561987144872546
    },
    "step10seed500.pt": {
        "env_name": "maze",
        "step": 10,
        "seed": 500,
        "mse": 0.0025607638526707888
    },
    "step50seed0.pt": {
        "env_name": "maze",
        "step": 50,
        "seed": 0,
        "mse": 0.011842288076877594
    },
    "step50seed50.pt": {
        "env_name": "maze",
        "step": 50,
        "seed": 50,
        "mse": 0.011769656091928482
    },
    "step50seed100.pt": {
        "env_name": "maze",
        "step": 50,
        "seed": 100,
        "mse": 0.011783191934227943
    },
    "step50seed150.pt": {
        "env_name": "maze",
        "step": 50,
        "seed": 150,
        "mse": 0.011768071912229061
    },
    "step50seed200.pt": {
        "env_name": "maze",
        "step": 50,
        "seed": 200,
        "mse": 0.011781144887208939
    },
    "step50seed250.pt": {
        "env_name": "maze",
        "step": 50,
        "seed": 250,
        "mse": 0.011815986596047878
    },
    "step50seed300.pt": {
        "env_name": "maze",
        "step": 50,
        "seed": 300,
        "mse": 0.011889881454408169
    },
    "step50seed350.pt": {
        "env_name": "maze",
        "step": 50,
        "seed": 350,
        "mse": 0.011774235405027866
    },
    "step50seed400.pt": {
        "env_name": "maze",
        "step": 50,
        "seed": 400,
        "mse": 0.011719944886863232
    },
    "step50seed450.pt": {
        "env_name": "maze",
        "step": 50,
        "seed": 450,
        "mse": 0.011884227395057678
    },
    "step50seed500.pt": {
        "env_name": "maze",
        "step": 50,
        "seed": 500,
        "mse": 0.011863340623676777
    },
    "step100seed0.pt": {
        "env_name": "maze",
        "step": 100,
        "seed": 0,
        "mse": 0.02476314641535282
    },
    "step100seed50.pt": {
        "env_name": "maze",
        "step": 100,
        "seed": 50,
        "mse": 0.02472841925919056
    },
    "step100seed100.pt": {
        "env_name": "maze",
        "step": 100,
        "seed": 100,
        "mse": 0.02470538765192032
    },
    "step100seed150.pt": {
        "env_name": "maze",
        "step": 100,
        "seed": 150,
        "mse": 0.024691319093108177
    },
    "step100seed200.pt": {
        "env_name": "maze",
        "step": 100,
        "seed": 200,
        "mse": 0.024544071406126022
    },
    "step100seed250.pt": {
        "env_name": "maze",
        "step": 100,
        "seed": 250,
        "mse": 0.024702932685613632
    },
    "step100seed300.pt": {
        "env_name": "maze",
        "step": 100,
        "seed": 300,
        "mse": 0.02482239343225956
    },
    "step100seed350.pt": {
        "env_name": "maze",
        "step": 100,
        "seed": 350,
        "mse": 0.024616016075015068
    },
    "step100seed400.pt": {
        "env_name": "maze",
        "step": 100,
        "seed": 400,
        "mse": 0.024549225345253944
    },
    "step100seed450.pt": {
        "env_name": "maze",
        "step": 100,
        "seed": 450,
        "mse": 0.02477177605032921
    },
    "step100seed500.pt": {
        "env_name": "maze",
        "step": 100,
        "seed": 500,
        "mse": 0.024704406037926674
    }
}