{
    "step1seed0.pt": {
        "env_name": "hand",
        "step": 1,
        "seed": 0,
        "mse": 0.00014919797831680626
    },
    "step1seed50.pt": {
        "env_name": "hand",
        "step": 1,
        "seed": 50,
        "mse": 0.0001492281153332442
    },
    "step1seed100.pt": {
        "env_name": "hand",
        "step": 1,
        "seed": 100,
        "mse": 0.00014962484419811517
    },
    "step1seed150.pt": {
        "env_name": "hand",
        "step": 1,
        "seed": 150,
        "mse": 0.00014916503278072923
    },
    "step1seed200.pt": {
        "env_name": "hand",
        "step": 1,
        "seed": 200,
        "mse": 0.00014929714961908758
    },
    "step1seed250.pt": {
        "env_name": "hand",
        "step": 1,
        "seed": 250,
        "mse": 0.00014916376676410437
    },
    "step1seed300.pt": {
        "env_name": "hand",
        "step": 1,
        "seed": 300,
        "mse": 0.000149472602060996
    },
    "step1seed350.pt": {
        "env_name": "hand",
        "step": 1,
        "seed": 350,
        "mse": 0.000149208412040025
    },
    "step1seed400.pt": {
        "env_name": "hand",
        "step": 1,
        "seed": 400,
        "mse": 0.0001491377770435065
    },
    "step1seed450.pt": {
        "env_name": "hand",
        "step": 1,
        "seed": 450,
        "mse": 0.00014949162141419947
    },
    "step1seed500.pt": {
        "env_name": "hand",
        "step": 1,
        "seed": 500,
        "mse": 0.00014925177674740553
    },
    "step10seed0.pt": {
        "env_name": "hand",
        "step": 10,
        "seed": 0,
        "mse": 0.0019080088241025805
    },
    "step10seed50.pt": {
        "env_name": "hand",
        "step": 10,
        "seed": 50,
        "mse": 0.001903344178572297
    },
    "step10seed100.pt": {
        "env_name": "hand",
        "step": 10,
        "seed": 100,
        "mse": 0.0019092384027317166
    },
    "step10seed150.pt": {
        "env_name": "hand",
        "step": 10,
        "seed": 150,
        "mse": 0.00190739578101784
    },
    "step10seed200.pt": {
        "env_name": "hand",
        "step": 10,
        "seed": 200,
        "mse": 0.001912383479066193
    },
    "step10seed250.pt": {
        "env_name": "hand",
        "step": 10,
        "seed": 250,
        "mse": 0.0019116216572001576
    },
    "step10seed300.pt": {
        "env_name": "hand",
        "step": 10,
        "seed": 300,
        "mse": 0.0019069049740210176
    },
    "step10seed350.pt": {
        "env_name": "hand",
        "step": 10,
        "seed": 350,
        "mse": 0.0019124785903841257
    },
    "step10seed400.pt": {
        "env_name": "hand",
        "step": 10,
        "seed": 400,
        "mse": 0.0019096732139587402
    },
    "step10seed450.pt": {
        "env_name": "hand",
        "step": 10,
        "seed": 450,
        "mse": 0.0019170985324308276
    },
    "step10seed500.pt": {
        "env_name": "hand",
        "step": 10,
        "seed": 500,
        "mse": 0.0019110661232843995
    },
    "step50seed0.pt": {
        "env_name": "hand",
        "step": 50,
        "seed": 0,
        "mse": 0.005864361766725779
    },
    "step50seed50.pt": {
        "env_name": "hand",
        "step": 50,
        "seed": 50,
        "mse": 0.005847408436238766
    },
    "step50seed100.pt": {
        "env_name": "hand",
        "step": 50,
        "seed": 100,
        "mse": 0.005868690088391304
    },
    "step50seed150.pt": {
        "env_name": "hand",
        "step": 50,
        "seed": 150,
        "mse": 0.005862890277057886
    },
    "step50seed200.pt": {
        "env_name": "hand",
        "step": 50,
        "seed": 200,
        "mse": 0.005878254771232605
    },
    "step50seed250.pt": {
        "env_name": "hand",
        "step": 50,
        "seed": 250,
        "mse": 0.0058570499531924725
    },
    "step50seed300.pt": {
        "env_name": "hand",
        "step": 50,
        "seed": 300,
        "mse": 0.005874186288565397
    },
    "step50seed350.pt": {
        "env_name": "hand",
        "step": 50,
        "seed": 350,
        "mse": 0.005869489628821611
    },
    "step50seed400.pt": {
        "env_name": "hand",
        "step": 50,
        "seed": 400,
        "mse": 0.005846442189067602
    },
    "step50seed450.pt": {
        "env_name": "hand",
        "step": 50,
        "seed": 450,
        "mse": 0.0058683850802481174
    },
    "step50seed500.pt": {
        "env_name": "hand",
        "step": 50,
        "seed": 500,
        "mse": 0.005862720776349306
    },
    "step100seed0.pt": {
        "env_name": "hand",
        "step": 100,
        "seed": 0,
        "mse": 0.009580194018781185
    },
    "step100seed50.pt": {
        "env_name": "hand",
        "step": 100,
        "seed": 50,
        "mse": 0.009557369165122509
    },
    "step100seed100.pt": {
        "env_name": "hand",
        "step": 100,
        "seed": 100,
        "mse": 0.009597922675311565
    },
    "step100seed150.pt": {
        "env_name": "hand",
        "step": 100,
        "seed": 150,
        "mse": 0.009614624083042145
    },
    "step100seed200.pt": {
        "env_name": "hand",
        "step": 100,
        "seed": 200,
        "mse": 0.009626131504774094
    },
    "step100seed250.pt": {
        "env_name": "hand",
        "step": 100,
        "seed": 250,
        "mse": 0.009592553600668907
    },
    "step100seed300.pt": {
        "env_name": "hand",
        "step": 100,
        "seed": 300,
        "mse": 0.00960449781268835
    },
    "step100seed350.pt": {
        "env_name": "hand",
        "step": 100,
        "seed": 350,
        "mse": 0.009592587128281593
    },
    "step100seed400.pt": {
        "env_name": "hand",
        "step": 100,
        "seed": 400,
        "mse": 0.00956196803599596
    },
    "step100seed450.pt": {
        "env_name": "hand",
        "step": 100,
        "seed": 450,
        "mse": 0.00960664264857769
    },
    "step100seed500.pt": {
        "env_name": "hand",
        "step": 100,
        "seed": 500,
        "mse": 0.009563262574374676
    }
}