{
    "step1seed0.pt": {
        "env_name": "halfcheetah",
        "step": 1,
        "seed": 0,
        "mse": 0.0001492570445407182
    },
    "step1seed50.pt": {
        "env_name": "halfcheetah",
        "step": 1,
        "seed": 50,
        "mse": 0.000148426930536516
    },
    "step1seed100.pt": {
        "env_name": "halfcheetah",
        "step": 1,
        "seed": 100,
        "mse": 0.00014984526205807924
    },
    "step1seed150.pt": {
        "env_name": "halfcheetah",
        "step": 1,
        "seed": 150,
        "mse": 0.00014996796380728483
    },
    "step1seed200.pt": {
        "env_name": "halfcheetah",
        "step": 1,
        "seed": 200,
        "mse": 0.00014870423183310777
    },
    "step1seed250.pt": {
        "env_name": "halfcheetah",
        "step": 1,
        "seed": 250,
        "mse": 0.0001494468451710418
    },
    "step1seed300.pt": {
        "env_name": "halfcheetah",
        "step": 1,
        "seed": 300,
        "mse": 0.0001493657473474741
    },
    "step1seed350.pt": {
        "env_name": "halfcheetah",
        "step": 1,
        "seed": 350,
        "mse": 0.00014923237904440612
    },
    "step1seed400.pt": {
        "env_name": "halfcheetah",
        "step": 1,
        "seed": 400,
        "mse": 0.0001493973977630958
    },
    "step1seed450.pt": {
        "env_name": "halfcheetah",
        "step": 1,
        "seed": 450,
        "mse": 0.00014984523295424879
    },
    "step1seed500.pt": {
        "env_name": "halfcheetah",
        "step": 1,
        "seed": 500,
        "mse": 0.0001494511670898646
    },
    "step10seed0.pt": {
        "env_name": "halfcheetah",
        "step": 10,
        "seed": 0,
        "mse": 0.00242240889929235
    },
    "step10seed50.pt": {
        "env_name": "halfcheetah",
        "step": 10,
        "seed": 50,
        "mse": 0.0024130353704094887
    },
    "step10seed100.pt": {
        "env_name": "halfcheetah",
        "step": 10,
        "seed": 100,
        "mse": 0.0024395901709795
    },
    "step10seed150.pt": {
        "env_name": "halfcheetah",
        "step": 10,
        "seed": 150,
        "mse": 0.0024260631762444973
    },
    "step10seed200.pt": {
        "env_name": "halfcheetah",
        "step": 10,
        "seed": 200,
        "mse": 0.0024250131100416183
    },
    "step10seed250.pt": {
        "env_name": "halfcheetah",
        "step": 10,
        "seed": 250,
        "mse": 0.0024282867088913918
    },
    "step10seed300.pt": {
        "env_name": "halfcheetah",
        "step": 10,
        "seed": 300,
        "mse": 0.0024305505212396383
    },
    "step10seed350.pt": {
        "env_name": "halfcheetah",
        "step": 10,
        "seed": 350,
        "mse": 0.0024371743202209473
    },
    "step10seed400.pt": {
        "env_name": "halfcheetah",
        "step": 10,
        "seed": 400,
        "mse": 0.0024270727299153805
    },
    "step10seed450.pt": {
        "env_name": "halfcheetah",
        "step": 10,
        "seed": 450,
        "mse": 0.0024299859069287777
    },
    "step10seed500.pt": {
        "env_name": "halfcheetah",
        "step": 10,
        "seed": 500,
        "mse": 0.0024323808029294014
    },
    "step50seed0.pt": {
        "env_name": "halfcheetah",
        "step": 50,
        "seed": 0,
        "mse": 0.009390948340296745
    },
    "step50seed50.pt": {
        "env_name": "halfcheetah",
        "step": 50,
        "seed": 50,
        "mse": 0.00927240401506424
    },
    "step50seed100.pt": {
        "env_name": "halfcheetah",
        "step": 50,
        "seed": 100,
        "mse": 0.009341079741716385
    },
    "step50seed150.pt": {
        "env_name": "halfcheetah",
        "step": 50,
        "seed": 150,
        "mse": 0.009356056340038776
    },
    "step50seed200.pt": {
        "env_name": "halfcheetah",
        "step": 50,
        "seed": 200,
        "mse": 0.00938575342297554
    },
    "step50seed250.pt": {
        "env_name": "halfcheetah",
        "step": 50,
        "seed": 250,
        "mse": 0.009357145056128502
    },
    "step50seed300.pt": {
        "env_name": "halfcheetah",
        "step": 50,
        "seed": 300,
        "mse": 0.00937353353947401
    },
    "step50seed350.pt": {
        "env_name": "halfcheetah",
        "step": 50,
        "seed": 350,
        "mse": 0.009326291270554066
    },
    "step50seed400.pt": {
        "env_name": "halfcheetah",
        "step": 50,
        "seed": 400,
        "mse": 0.009337948635220528
    },
    "step50seed450.pt": {
        "env_name": "halfcheetah",
        "step": 50,
        "seed": 450,
        "mse": 0.009425711818039417
    },
    "step50seed500.pt": {
        "env_name": "halfcheetah",
        "step": 50,
        "seed": 500,
        "mse": 0.009418393485248089
    },
    "step100seed0.pt": {
        "env_name": "halfcheetah",
        "step": 100,
        "seed": 0,
        "mse": 0.01769314892590046
    },
    "step100seed50.pt": {
        "env_name": "halfcheetah",
        "step": 100,
        "seed": 50,
        "mse": 0.017663396894931793
    },
    "step100seed100.pt": {
        "env_name": "halfcheetah",
        "step": 100,
        "seed": 100,
        "mse": 0.017577433958649635
    },
    "step100seed150.pt": {
        "env_name": "halfcheetah",
        "step": 100,
        "seed": 150,
        "mse": 0.01774417981505394
    },
    "step100seed200.pt": {
        "env_name": "halfcheetah",
        "step": 100,
        "seed": 200,
        "mse": 0.017635522410273552
    },
    "step100seed250.pt": {
        "env_name": "halfcheetah",
        "step": 100,
        "seed": 250,
        "mse": 0.01757078990340233
    },
    "step100seed300.pt": {
        "env_name": "halfcheetah",
        "step": 100,
        "seed": 300,
        "mse": 0.017689524218440056
    },
    "step100seed350.pt": {
        "env_name": "halfcheetah",
        "step": 100,
        "seed": 350,
        "mse": 0.017417825758457184
    },
    "step100seed400.pt": {
        "env_name": "halfcheetah",
        "step": 100,
        "seed": 400,
        "mse": 0.017659733071923256
    },
    "step100seed450.pt": {
        "env_name": "halfcheetah",
        "step": 100,
        "seed": 450,
        "mse": 0.01761620119214058
    },
    "step100seed500.pt": {
        "env_name": "halfcheetah",
        "step": 100,
        "seed": 500,
        "mse": 0.017595723271369934
    }
}