{
    "step1seed0.pt": {
        "env_name": "pick",
        "step": 1,
        "seed": 0,
        "mse": 0.00014945778682780457
    },
    "step1seed50.pt": {
        "env_name": "pick",
        "step": 1,
        "seed": 50,
        "mse": 0.00014888119036531798
    },
    "step1seed100.pt": {
        "env_name": "pick",
        "step": 1,
        "seed": 100,
        "mse": 0.00014886618254754852
    },
    "step1seed150.pt": {
        "env_name": "pick",
        "step": 1,
        "seed": 150,
        "mse": 0.00014925197358094762
    },
    "step1seed200.pt": {
        "env_name": "pick",
        "step": 1,
        "seed": 200,
        "mse": 0.00014927479377513974
    },
    "step1seed250.pt": {
        "env_name": "pick",
        "step": 1,
        "seed": 250,
        "mse": 0.00014909952041988888
    },
    "step1seed300.pt": {
        "env_name": "pick",
        "step": 1,
        "seed": 300,
        "mse": 0.00014907551745880752
    },
    "step1seed350.pt": {
        "env_name": "pick",
        "step": 1,
        "seed": 350,
        "mse": 0.00014823945941009904
    },
    "step1seed400.pt": {
        "env_name": "pick",
        "step": 1,
        "seed": 400,
        "mse": 0.00014855405561952444
    },
    "step1seed450.pt": {
        "env_name": "pick",
        "step": 1,
        "seed": 450,
        "mse": 0.00014959490277466288
    },
    "step1seed500.pt": {
        "env_name": "pick",
        "step": 1,
        "seed": 500,
        "mse": 0.00014932339994024648
    },
    "step10seed0.pt": {
        "env_name": "pick",
        "step": 10,
        "seed": 0,
        "mse": 0.0032590345516871123
    },
    "step10seed50.pt": {
        "env_name": "pick",
        "step": 10,
        "seed": 50,
        "mse": 0.003286763708383032
    },
    "step10seed100.pt": {
        "env_name": "pick",
        "step": 10,
        "seed": 100,
        "mse": 0.003265910263148866
    },
    "step10seed150.pt": {
        "env_name": "pick",
        "step": 10,
        "seed": 150,
        "mse": 0.0032599348645540286
    },
    "step10seed200.pt": {
        "env_name": "pick",
        "step": 10,
        "seed": 200,
        "mse": 0.0032658895010772657
    },
    "step10seed250.pt": {
        "env_name": "pick",
        "step": 10,
        "seed": 250,
        "mse": 0.0032640559060788748
    },
    "step10seed300.pt": {
        "env_name": "pick",
        "step": 10,
        "seed": 300,
        "mse": 0.0032572717516288945
    },
    "step10seed350.pt": {
        "env_name": "pick",
        "step": 10,
        "seed": 350,
        "mse": 0.0032514298607870013
    },
    "step10seed400.pt": {
        "env_name": "pick",
        "step": 10,
        "seed": 400,
        "mse": 0.0032574492937016974
    },
    "step10seed450.pt": {
        "env_name": "pick",
        "step": 10,
        "seed": 450,
        "mse": 0.0032857320751694466
    },
    "step10seed500.pt": {
        "env_name": "pick",
        "step": 10,
        "seed": 500,
        "mse": 0.0032844930979732466
    },
    "step50seed0.pt": {
        "env_name": "pick",
        "step": 50,
        "seed": 0,
        "mse": 0.017775288997024997
    },
    "step50seed50.pt": {
        "env_name": "pick",
        "step": 50,
        "seed": 50,
        "mse": 0.0177954357878502
    },
    "step50seed100.pt": {
        "env_name": "pick",
        "step": 50,
        "seed": 100,
        "mse": 0.017751860464925676
    },
    "step50seed150.pt": {
        "env_name": "pick",
        "step": 50,
        "seed": 150,
        "mse": 0.017740472115017947
    },
    "step50seed200.pt": {
        "env_name": "pick",
        "step": 50,
        "seed": 200,
        "mse": 0.017769883802551033
    },
    "step50seed250.pt": {
        "env_name": "pick",
        "step": 50,
        "seed": 250,
        "mse": 0.01777302771404202
    },
    "step50seed300.pt": {
        "env_name": "pick",
        "step": 50,
        "seed": 300,
        "mse": 0.017678144986832595
    },
    "step50seed350.pt": {
        "env_name": "pick",
        "step": 50,
        "seed": 350,
        "mse": 0.017670420174694824
    },
    "step50seed400.pt": {
        "env_name": "pick",
        "step": 50,
        "seed": 400,
        "mse": 0.017653123727240993
    },
    "step50seed450.pt": {
        "env_name": "pick",
        "step": 50,
        "seed": 450,
        "mse": 0.017870063203407737
    },
    "step50seed500.pt": {
        "env_name": "pick",
        "step": 50,
        "seed": 500,
        "mse": 0.01786824971902874
    },
    "step100seed0.pt": {
        "env_name": "pick",
        "step": 100,
        "seed": 0,
        "mse": 0.03852159171641556
    },
    "step100seed50.pt": {
        "env_name": "pick",
        "step": 100,
        "seed": 50,
        "mse": 0.03872808749398181
    },
    "step100seed100.pt": {
        "env_name": "pick",
        "step": 100,
        "seed": 100,
        "mse": 0.03858009608679286
    },
    "step100seed150.pt": {
        "env_name": "pick",
        "step": 100,
        "seed": 150,
        "mse": 0.03857341876351928
    },
    "step100seed200.pt": {
        "env_name": "pick",
        "step": 100,
        "seed": 200,
        "mse": 0.03844888180615451
    },
    "step100seed250.pt": {
        "env_name": "pick",
        "step": 100,
        "seed": 250,
        "mse": 0.03876829006520937
    },
    "step100seed300.pt": {
        "env_name": "pick",
        "step": 100,
        "seed": 300,
        "mse": 0.038431854291551146
    },
    "step100seed350.pt": {
        "env_name": "pick",
        "step": 100,
        "seed": 350,
        "mse": 0.0383667629713604
    },
    "step100seed400.pt": {
        "env_name": "pick",
        "step": 100,
        "seed": 400,
        "mse": 0.038419193117345485
    },
    "step100seed450.pt": {
        "env_name": "pick",
        "step": 100,
        "seed": 450,
        "mse": 0.0386588053459313
    },
    "step100seed500.pt": {
        "env_name": "pick",
        "step": 100,
        "seed": 500,
        "mse": 0.03879726117552863
    }
}