{
    "step100seed0.pt": {
        "env_name": "hand",
        "step": 100,
        "seed": 0,
        "mse": 0.009580194018781185
    }
}
{
    "step100seed50.pt": {
        "env_name": "hand",
        "step": 100,
        "seed": 50,
        "mse": 0.009557369165122509
    }
}
{
    "step100seed100.pt": {
        "env_name": "hand",
        "step": 100,
        "seed": 100,
        "mse": 0.009597922675311565
    }
}
{
    "step100seed150.pt": {
        "env_name": "hand",
        "step": 100,
        "seed": 150,
        "mse": 0.009614624083042145
    }
}
{
    "step100seed200.pt": {
        "env_name": "hand",
        "step": 100,
        "seed": 200,
        "mse": 0.009626131504774094
    }
}
{
    "step100seed250.pt": {
        "env_name": "hand",
        "step": 100,
        "seed": 250,
        "mse": 0.009592553600668907
    }
}
{
    "step100seed300.pt": {
        "env_name": "hand",
        "step": 100,
        "seed": 300,
        "mse": 0.00960449781268835
    }
}
{
    "step100seed350.pt": {
        "env_name": "hand",
        "step": 100,
        "seed": 350,
        "mse": 0.009592587128281593
    }
}
{
    "step100seed400.pt": {
        "env_name": "hand",
        "step": 100,
        "seed": 400,
        "mse": 0.00956196803599596
    }
}
{
    "step100seed450.pt": {
        "env_name": "hand",
        "step": 100,
        "seed": 450,
        "mse": 0.00960664264857769
    }
}
{
    "step100seed500.pt": {
        "env_name": "hand",
        "step": 100,
        "seed": 500,
        "mse": 0.009563262574374676
    }
}
{
    "step200seed0.pt": {
        "env_name": "hand",
        "step": 200,
        "seed": 0,
        "mse": 0.018746772781014442
    }
}
{
    "step200seed50.pt": {
        "env_name": "hand",
        "step": 200,
        "seed": 50,
        "mse": 0.01870613358914852
    }
}
{
    "step200seed100.pt": {
        "env_name": "hand",
        "step": 200,
        "seed": 100,
        "mse": 0.01882275752723217
    }
}
{
    "step200seed150.pt": {
        "env_name": "hand",
        "step": 200,
        "seed": 150,
        "mse": 0.018883202224969864
    }
}
{
    "step200seed200.pt": {
        "env_name": "hand",
        "step": 200,
        "seed": 200,
        "mse": 0.018864590674638748
    }
}
{
    "step200seed250.pt": {
        "env_name": "hand",
        "step": 200,
        "seed": 250,
        "mse": 0.018825359642505646
    }
}
{
    "step200seed300.pt": {
        "env_name": "hand",
        "step": 200,
        "seed": 300,
        "mse": 0.018781688064336777
    }
}
{
    "step200seed350.pt": {
        "env_name": "hand",
        "step": 200,
        "seed": 350,
        "mse": 0.01881314255297184
    }
}
{
    "step200seed400.pt": {
        "env_name": "hand",
        "step": 200,
        "seed": 400,
        "mse": 0.01872037909924984
    }
}
{
    "step200seed450.pt": {
        "env_name": "hand",
        "step": 200,
        "seed": 450,
        "mse": 0.018806232139468193
    }
}
{
    "step200seed500.pt": {
        "env_name": "hand",
        "step": 200,
        "seed": 500,
        "mse": 0.018691517412662506
    }
}
{
    "step300seed0.pt": {
        "env_name": "hand",
        "step": 300,
        "seed": 0,
        "mse": 0.037979163229465485
    }
}
{
    "step300seed50.pt": {
        "env_name": "hand",
        "step": 300,
        "seed": 50,
        "mse": 0.03764653578400612
    }
}
{
    "step300seed100.pt": {
        "env_name": "hand",
        "step": 300,
        "seed": 100,
        "mse": 0.038202397525310516
    }
}
{
    "step300seed150.pt": {
        "env_name": "hand",
        "step": 300,
        "seed": 150,
        "mse": 0.03832763433456421
    }
}
{
    "step300seed200.pt": {
        "env_name": "hand",
        "step": 300,
        "seed": 200,
        "mse": 0.03822847828269005
    }
}
{
    "step300seed250.pt": {
        "env_name": "hand",
        "step": 300,
        "seed": 250,
        "mse": 0.038065217435359955
    }
}
{
    "step300seed300.pt": {
        "env_name": "hand",
        "step": 300,
        "seed": 300,
        "mse": 0.03802693262696266
    }
}
{
    "step300seed350.pt": {
        "env_name": "hand",
        "step": 300,
        "seed": 350,
        "mse": 0.038129691034555435
    }
}
{
    "step300seed400.pt": {
        "env_name": "hand",
        "step": 300,
        "seed": 400,
        "mse": 0.037936948239803314
    }
}
{
    "step300seed450.pt": {
        "env_name": "hand",
        "step": 300,
        "seed": 450,
        "mse": 0.038042373955249786
    }
}
{
    "step300seed500.pt": {
        "env_name": "hand",
        "step": 300,
        "seed": 500,
        "mse": 0.0377090722322464
    }
}
{
    "step400seed0.pt": {
        "env_name": "hand",
        "step": 400,
        "seed": 0,
        "mse": 0.09320425987243652
    }
}
{
    "step400seed50.pt": {
        "env_name": "hand",
        "step": 400,
        "seed": 50,
        "mse": 0.09233032166957855
    }
}
{
    "step400seed100.pt": {
        "env_name": "hand",
        "step": 400,
        "seed": 100,
        "mse": 0.09432008117437363
    }
}
{
    "step400seed150.pt": {
        "env_name": "hand",
        "step": 400,
        "seed": 150,
        "mse": 0.0943773090839386
    }
}
{
    "step400seed200.pt": {
        "env_name": "hand",
        "step": 400,
        "seed": 200,
        "mse": 0.09394349157810211
    }
}
{
    "step400seed250.pt": {
        "env_name": "hand",
        "step": 400,
        "seed": 250,
        "mse": 0.09400759637355804
    }
}
{
    "step400seed300.pt": {
        "env_name": "hand",
        "step": 400,
        "seed": 300,
        "mse": 0.09349791705608368
    }
}
{
    "step400seed350.pt": {
        "env_name": "hand",
        "step": 400,
        "seed": 350,
        "mse": 0.093768410384655
    }
}
{
    "step400seed400.pt": {
        "env_name": "hand",
        "step": 400,
        "seed": 400,
        "mse": 0.09334113448858261
    }
}
{
    "step400seed450.pt": {
        "env_name": "hand",
        "step": 400,
        "seed": 450,
        "mse": 0.09294022619724274
    }
}
{
    "step400seed500.pt": {
        "env_name": "hand",
        "step": 400,
        "seed": 500,
        "mse": 0.0927748754620552
    }
}
{
    "step500seed0.pt": {
        "env_name": "hand",
        "step": 500,
        "seed": 0,
        "mse": 0.3107597827911377
    }
}
{
    "step500seed50.pt": {
        "env_name": "hand",
        "step": 500,
        "seed": 50,
        "mse": 0.30491122603416443
    }
}
{
    "step500seed100.pt": {
        "env_name": "hand",
        "step": 500,
        "seed": 100,
        "mse": 0.31523826718330383
    }
}
{
    "step500seed150.pt": {
        "env_name": "hand",
        "step": 500,
        "seed": 150,
        "mse": 0.30932772159576416
    }
}
{
    "step500seed200.pt": {
        "env_name": "hand",
        "step": 500,
        "seed": 200,
        "mse": 0.311095654964447
    }
}
{
    "step500seed250.pt": {
        "env_name": "hand",
        "step": 500,
        "seed": 250,
        "mse": 0.31110236048698425
    }
}
{
    "step500seed300.pt": {
        "env_name": "hand",
        "step": 500,
        "seed": 300,
        "mse": 0.31049397587776184
    }
}
{
    "step500seed350.pt": {
        "env_name": "hand",
        "step": 500,
        "seed": 350,
        "mse": 0.31214362382888794
    }
}
{
    "step500seed400.pt": {
        "env_name": "hand",
        "step": 500,
        "seed": 400,
        "mse": 0.30934274196624756
    }
}
{
    "step500seed450.pt": {
        "env_name": "hand",
        "step": 500,
        "seed": 450,
        "mse": 0.30801352858543396
    }
}
{
    "step500seed500.pt": {
        "env_name": "hand",
        "step": 500,
        "seed": 500,
        "mse": 0.3148357570171356
    }
}
{
    "step600seed0.pt": {
        "env_name": "hand",
        "step": 600,
        "seed": 0,
        "mse": 1.0020166635513306
    }
}
{
    "step600seed50.pt": {
        "env_name": "hand",