{
    "step100seed0.pt": {
        "env_name": "ant",
        "step": 100,
        "seed": 0,
        "mse": 0.6137994890703186
    }
}
{
    "step100seed50.pt": {
        "env_name": "ant",
        "step": 100,
        "seed": 50,
        "mse": 0.613625131290038
    }
}
{
    "step100seed100.pt": {
        "env_name": "ant",
        "step": 100,
        "seed": 100,
        "mse": 0.6137831422845281
    }
}
{
    "step100seed150.pt": {
        "env_name": "ant",
        "step": 100,
        "seed": 150,
        "mse": 0.6138908149313548
    }
}
{
    "step100seed200.pt": {
        "env_name": "ant",
        "step": 100,
        "seed": 200,
        "mse": 0.6140526249257465
    }
}
{
    "step100seed250.pt": {
        "env_name": "ant",
        "step": 100,
        "seed": 250,
        "mse": 0.613832794385538
    }
}
{
    "step100seed300.pt": {
        "env_name": "ant",
        "step": 100,
        "seed": 300,
        "mse": 0.613755739390154
    }
}
{
    "step100seed350.pt": {
        "env_name": "ant",
        "step": 100,
        "seed": 350,
        "mse": 0.6136480314417769
    }
}
{
    "step100seed400.pt": {
        "env_name": "ant",
        "step": 100,
        "seed": 400,
        "mse": 0.6137038105890376
    }
}
{
    "step100seed450.pt": {
        "env_name": "ant",
        "step": 100,
        "seed": 450,
        "mse": 0.6140061787013602
    }
}
{
    "step100seed500.pt": {
        "env_name": "ant",
        "step": 100,
        "seed": 500,
        "mse": 0.6139324152086519
    }
}
{
    "step200seed0.pt": {
        "env_name": "ant",
        "step": 200,
        "seed": 0,
        "mse": 0.8863527848230787
    }
}
{
    "step200seed50.pt": {
        "env_name": "ant",
        "step": 200,
        "seed": 50,
        "mse": 0.8867244877306427
    }
}
{
    "step200seed100.pt": {
        "env_name": "ant",
        "step": 200,
        "seed": 100,
        "mse": 0.8870148626795783
    }
}
{
    "step200seed150.pt": {
        "env_name": "ant",
        "step": 200,
        "seed": 150,
        "mse": 0.8867415982159399
    }
}
{
    "step200seed200.pt": {
        "env_name": "ant",
        "step": 200,
        "seed": 200,
        "mse": 0.8874003608451727
    }
}
{
    "step200seed250.pt": {
        "env_name": "ant",
        "step": 200,
        "seed": 250,
        "mse": 0.887000199376858
    }
}
{
    "step200seed300.pt": {
        "env_name": "ant",
        "step": 200,
        "seed": 300,
        "mse": 0.886960427136139
    }
}
{
    "step200seed350.pt": {
        "env_name": "ant",
        "step": 200,
        "seed": 350,
        "mse": 0.8865820048195537
    }
}
{
    "step200seed400.pt": {
        "env_name": "ant",
        "step": 200,
        "seed": 400,
        "mse": 0.8868626548349189
    }
}
{
    "step200seed450.pt": {
        "env_name": "ant",
        "step": 200,
        "seed": 450,
        "mse": 0.8876855505335706
    }
}
{
    "step200seed500.pt": {
        "env_name": "ant",
        "step": 200,
        "seed": 500,
        "mse": 0.886875462615977
    }
}
{
    "step300seed0.pt": {
        "env_name": "ant",
        "step": 300,
        "seed": 0,
        "mse": 1.000535873906761
    }
}
{
    "step300seed50.pt": {
        "env_name": "ant",
        "step": 300,
        "seed": 50,
        "mse": 1.001999662348038
    }
}
{
    "step300seed100.pt": {
        "env_name": "ant",
        "step": 300,
        "seed": 100,
        "mse": 1.0020685975711459
    }
}
{
    "step300seed150.pt": {
        "env_name": "ant",
        "step": 300,
        "seed": 150,
        "mse": 1.0015059616669169
    }
}
{
    "step300seed200.pt": {
        "env_name": "ant",
        "step": 300,
        "seed": 200,
        "mse": 1.0026962028378545
    }
}
{
    "step300seed250.pt": {
        "env_name": "ant",
        "step": 300,
        "seed": 250,
        "mse": 1.0023885247440654
    }
}
{
    "step300seed300.pt": {
        "env_name": "ant",
        "step": 300,
        "seed": 300,
        "mse": 1.001957159244429
    }
}
{
    "step300seed350.pt": {
        "env_name": "ant",
        "step": 300,
        "seed": 350,
        "mse": 1.0015941349661883
    }
}
{
    "step300seed400.pt": {
        "env_name": "ant",
        "step": 300,
        "seed": 400,
        "mse": 1.0015268986024928
    }
}
{
    "step300seed450.pt": {
        "env_name": "ant",
        "step": 300,
        "seed": 450,
        "mse": 1.0031640552748853
    }
}
{
    "step300seed500.pt": {
        "env_name": "ant",
        "step": 300,
        "seed": 500,
        "mse": 1.0018075689040242
    }
}
{
    "step400seed0.pt": {
        "env_name": "ant",
        "step": 400,
        "seed": 0,
        "mse": 1.1357733688588847
    }
}
{
    "step400seed50.pt": {
        "env_name": "ant",
        "step": 400,
        "seed": 50,
        "mse": 1.1391880420923066
    }
}
{
    "step400seed100.pt": {
        "env_name": "ant",
        "step": 400,
        "seed": 100,
        "mse": 1.137327983593381
    }
}
{
    "step400seed150.pt": {
        "env_name": "ant",
        "step": 400,
        "seed": 150,
        "mse": 1.138164767393405
    }
}
{
    "step400seed200.pt": {
        "env_name": "ant",
        "step": 400,
        "seed": 200,
        "mse": 1.1388743760274485
    }
}
{
    "step400seed250.pt": {
        "env_name": "ant",
        "step": 400,
        "seed": 250,
        "mse": 1.1387106029231855
    }
}
{
    "step400seed300.pt": {
        "env_name": "ant",
        "step": 400,
        "seed": 300,
        "mse": 1.1396079813657893
    }
}
{
    "step400seed350.pt": {
        "env_name": "ant",
        "step": 400,
        "seed": 350,
        "mse": 1.1379116081514749
    }
}
{
    "step400seed400.pt": {
        "env_name": "ant",
        "step": 400,
        "seed": 400,
        "mse": 1.136837446104644
    }
}
{
    "step400seed450.pt": {
        "env_name": "ant",
        "step": 400,
        "seed": 450,
        "mse": 1.1400211389560708
    }
}
{
    "step400seed500.pt": {
        "env_name": "ant",
        "step": 400,
        "seed": 500,
        "mse": 1.1371329852871088
    }
}
{
    "step500seed0.pt": {
        "env_name": "ant",
        "step": 500,
        "seed": 0,
        "mse": 1.4193906088247517
    }
}
{
    "step500seed50.pt": {
        "env_name": "ant",
        "step": 500,
        "seed": 50,
        "mse": 1.4243375675263836
    }
}
{
    "step500seed100.pt": {
        "env_name": "ant",
        "step": 500,
        "seed": 100,
        "mse": 1.422973724969924
    }
}
{
    "step500seed150.pt": {
        "env_name": "ant",
        "step": 500,
        "seed": 150,
        "mse": 1.4233227489999662
    }
}
{
    "step500seed200.pt": {
        "env_name": "ant",
        "step": 500,
        "seed": 200,
        "mse": 1.4267732785999336
    }
}
{
    "step500seed250.pt": {
        "env_name": "ant",
        "step": 500,
        "seed": 250,
        "mse": 1.4238886193255833
    }
}
{
    "step500seed300.pt": {
        "env_name": "ant",
        "step": 500,
        "seed": 300,
        "mse": 1.4278997135346572
    }
}
{
    "step500seed350.pt": {
        "env_name": "ant",
        "step": 500,
        "seed": 350,
        "mse": 1.421828183564026
    }
}
{
    "step500seed400.pt": {
        "env_name": "ant",
        "step": 500,
        "seed": 400,
        "mse": 1.4234723303443937
    }
}
{
    "step500seed450.pt": {
        "env_name": "ant",
        "step": 500,
        "seed": 450,
        "mse": 1.4220612601666547
    }
}
{
    "step500seed500.pt": {
        "env_name": "ant",
        "step": 500,
        "seed": 500,
        "mse": 1.4231750039975646
    }
}
{
    "step600seed0.pt": {
        "env_name": "ant",
        "step": 600,
        "seed": 0,
        "mse": 1.9688606524871766
    }
}
{
    "step600seed50.pt": {
        "env_name": "ant",
        "step": 600,
        "seed": 50,
        "mse": 1.9711808866137823
    }
}
{
    "step600seed100.pt": {
        "env_name": "ant",