{
    "step100seed0.pt": {
        "env_name": "maze",
        "step": 100,
        "seed": 0,
        "mse": 0.02476314641535282
    }
}
{
    "step100seed50.pt": {
        "env_name": "maze",
        "step": 100,
        "seed": 50,
        "mse": 0.02472841925919056
    }
}
{
    "step100seed100.pt": {
        "env_name": "maze",
        "step": 100,
        "seed": 100,
        "mse": 0.02470538765192032
    }
}
{
    "step100seed150.pt": {
        "env_name": "maze",
        "step": 100,
        "seed": 150,
        "mse": 0.024691319093108177
    }
}
{
    "step100seed200.pt": {
        "env_name": "maze",
        "step": 100,
        "seed": 200,
        "mse": 0.024544071406126022
    }
}
{
    "step100seed250.pt": {
        "env_name": "maze",
        "step": 100,
        "seed": 250,
        "mse": 0.024702932685613632
    }
}
{
    "step100seed300.pt": {
        "env_name": "maze",
        "step": 100,
        "seed": 300,
        "mse": 0.02482239343225956
    }
}
{
    "step100seed350.pt": {
        "env_name": "maze",
        "step": 100,
        "seed": 350,
        "mse": 0.024616016075015068
    }
}
{
    "step100seed400.pt": {
        "env_name": "maze",
        "step": 100,
        "seed": 400,
        "mse": 0.024549225345253944
    }
}
{
    "step100seed450.pt": {
        "env_name": "maze",
        "step": 100,
        "seed": 450,
        "mse": 0.02477177605032921
    }
}
{
    "step100seed500.pt": {
        "env_name": "maze",
        "step": 100,
        "seed": 500,
        "mse": 0.024704406037926674
    }
}
{
    "step200seed0.pt": {
        "env_name": "maze",
        "step": 200,
        "seed": 0,
        "mse": 0.06924515962600708
    }
}
{
    "step200seed50.pt": {
        "env_name": "maze",
        "step": 200,
        "seed": 50,
        "mse": 0.06909336894750595
    }
}
{
    "step200seed100.pt": {
        "env_name": "maze",
        "step": 200,
        "seed": 100,
        "mse": 0.06902400404214859
    }
}
{
    "step200seed150.pt": {
        "env_name": "maze",
        "step": 200,
        "seed": 150,
        "mse": 0.06935909390449524
    }
}
{
    "step200seed200.pt": {
        "env_name": "maze",
        "step": 200,
        "seed": 200,
        "mse": 0.06877774000167847
    }
}
{
    "step200seed250.pt": {
        "env_name": "maze",
        "step": 200,
        "seed": 250,
        "mse": 0.06909988820552826
    }
}
{
    "step200seed300.pt": {
        "env_name": "maze",
        "step": 200,
        "seed": 300,
        "mse": 0.06904508173465729
    }
}
{
    "step200seed350.pt": {
        "env_name": "maze",
        "step": 200,
        "seed": 350,
        "mse": 0.0690406933426857
    }
}
{
    "step200seed400.pt": {
        "env_name": "maze",
        "step": 200,
        "seed": 400,
        "mse": 0.06865909695625305
    }
}
{
    "step200seed450.pt": {
        "env_name": "maze",
        "step": 200,
        "seed": 450,
        "mse": 0.06966255605220795
    }
}
{
    "step200seed500.pt": {
        "env_name": "maze",
        "step": 200,
        "seed": 500,
        "mse": 0.06925017386674881
    }
}
{
    "step300seed0.pt": {
        "env_name": "maze",
        "step": 300,
        "seed": 0,
        "mse": 0.19934657216072083
    }
}
{
    "step300seed50.pt": {
        "env_name": "maze",
        "step": 300,
        "seed": 50,
        "mse": 0.1976516991853714
    }
}
{
    "step300seed100.pt": {
        "env_name": "maze",
        "step": 300,
        "seed": 100,
        "mse": 0.19832105934619904
    }
}
{
    "step300seed150.pt": {
        "env_name": "maze",
        "step": 300,
        "seed": 150,
        "mse": 0.2001703828573227
    }
}
{
    "step300seed200.pt": {
        "env_name": "maze",
        "step": 300,
        "seed": 200,
        "mse": 0.19787533581256866
    }
}
{
    "step300seed250.pt": {
        "env_name": "maze",
        "step": 300,
        "seed": 250,
        "mse": 0.19902870059013367
    }
}
{
    "step300seed300.pt": {
        "env_name": "maze",
        "step": 300,
        "seed": 300,
        "mse": 0.19819121062755585
    }
}
{
    "step300seed350.pt": {
        "env_name": "maze",
        "step": 300,
        "seed": 350,
        "mse": 0.19939909875392914
    }
}
{
    "step300seed400.pt": {
        "env_name": "maze",
        "step": 300,
        "seed": 400,
        "mse": 0.1986089050769806
    }
}
{
    "step300seed450.pt": {
        "env_name": "maze",
        "step": 300,
        "seed": 450,
        "mse": 0.2006852626800537
    }
}
{
    "step300seed500.pt": {
        "env_name": "maze",
        "step": 300,
        "seed": 500,
        "mse": 0.19932252168655396
    }
}
{
    "step400seed0.pt": {
        "env_name": "maze",
        "step": 400,
        "seed": 0,
        "mse": 0.5989972949028015
    }
}
{
    "step400seed50.pt": {
        "env_name": "maze",
        "step": 400,
        "seed": 50,
        "mse": 0.5967264771461487
    }
}
{
    "step400seed100.pt": {
        "env_name": "maze",
        "step": 400,
        "seed": 100,
        "mse": 0.5970371961593628
    }
}
{
    "step400seed150.pt": {
        "env_name": "maze",
        "step": 400,
        "seed": 150,
        "mse": 0.6025815010070801
    }
}
{
    "step400seed200.pt": {
        "env_name": "maze",
        "step": 400,
        "seed": 200,
        "mse": 0.5979294776916504
    }
}
{
    "step400seed250.pt": {
        "env_name": "maze",
        "step": 400,
        "seed": 250,
        "mse": 0.6012658476829529
    }
}
{
    "step400seed300.pt": {
        "env_name": "maze",
        "step": 400,
        "seed": 300,
        "mse": 0.5979471206665039
    }
}
{
    "step400seed350.pt": {
        "env_name": "maze",
        "step": 400,
        "seed": 350,
        "mse": 0.6047592163085938
    }
}
{
    "step400seed400.pt": {
        "env_name": "maze",
        "step": 400,
        "seed": 400,
        "mse": 0.598806619644165
    }
}
{
    "step400seed450.pt": {
        "env_name": "maze",
        "step": 400,
        "seed": 450,
        "mse": 0.6031591892242432
    }
}
{
    "step400seed500.pt": {
        "env_name": "maze",
        "step": 400,
        "seed": 500,
        "mse": 0.6036021113395691
    }
}
{
    "step500seed0.pt": {
        "env_name": "maze",
        "step": 500,
        "seed": 0,
        "mse": 1.2909436225891113
    }
}
{
    "step500seed50.pt": {
        "env_name": "maze",
        "step": 500,
        "seed": 50,
        "mse": 1.2878730297088623
    }
}
{
    "step500seed100.pt": {
        "env_name": "maze",
        "step": 500,
        "seed": 100,
        "mse": 1.2826615571975708
    }
}
{
    "step500seed150.pt": {
        "env_name": "maze",
        "step": 500,
        "seed": 150,
        "mse": 1.2982652187347412
    }
}
{
    "step500seed200.pt": {
        "env_name": "maze",
        "step": 500,
        "seed": 200,
        "mse": 1.284789800643921
    }
}
{
    "step500seed250.pt": {
        "env_name": "maze",
        "step": 500,
        "seed": 250,
        "mse": 1.287981629371643
    }
}
{
    "step500seed300.pt": {
        "env_name": "maze",
        "step": 500,
        "seed": 300,
        "mse": 1.2865875959396362
    }
}
{
    "step500seed350.pt": {
        "env_name": "maze",
        "step": 500,
        "seed": 350,
        "mse": 1.2977879047393799
    }
}
{
    "step500seed400.pt": {
        "env_name": "maze",
        "step": 500,
        "seed": 400,
        "mse": 1.2915592193603516
    }
}
{
    "step500seed450.pt": {
        "env_name": "maze",
        "step": 500,
        "seed": 450,
        "mse": 1.288808822631836
    }
}
{
    "step500seed500.pt": {
        "env_name": "maze",
        "step": 500,
        "seed": 500,
        "mse": 1.2918930053710938
    }
}
{
    "step600seed0.pt": {
        "env_name": "maze",
        "step": 600,
        "seed": 0,
        "mse": 1.7715283632278442
    }
}
{
    "step600seed50.pt": {
        "env_name": "maze",
        "step": 600,
        "seed": 50,