{
    "step1000seed0.pt": {
        "env_name": "pick",
        "step": 1000,
        "seed": 0,
        "State MSE": 1.8609262254211667,
        "action MSE": 2.0544363512406716
    },
    "step1000seed50.pt": {
        "env_name": "pick",
        "step": 1000,
        "seed": 50,
        "State MSE": 1.844405099556253,
        "action MSE": 2.040003204958775
    },
    "step1000seed100.pt": {
        "env_name": "pick",
        "step": 1000,
        "seed": 100,
        "State MSE": 1.863480291010735,
        "action MSE": 2.0365008919177194
    },
    "step1000seed150.pt": {
        "env_name": "pick",
        "step": 1000,
        "seed": 150,
        "State MSE": 1.8546293209657891,
        "action MSE": 2.049744442029476
    },
    "step1000seed200.pt": {
        "env_name": "pick",
        "step": 1000,
        "seed": 200,
        "State MSE": 1.8454943722481538,
        "action MSE": 2.056615373475633
    },
    "step1000seed250.pt": {
        "env_name": "pick",
        "step": 1000,
        "seed": 250,
        "State MSE": 1.8553367408495025,
        "action MSE": 2.038624977923083
    },
    "step1000seed300.pt": {
        "env_name": "pick",
        "step": 1000,
        "seed": 300,
        "State MSE": 1.869456222672435,
        "action MSE": 2.02474402130858
    },
    "step1000seed350.pt": {
        "env_name": "pick",
        "step": 1000,
        "seed": 350,
        "State MSE": 1.8541078051135116,
        "action MSE": 2.0506957485103507
    },
    "step1000seed400.pt": {
        "env_name": "pick",
        "step": 1000,
        "seed": 400,
        "State MSE": 2.284705257633831,
        "action MSE": 2.0825084485683636
    },
    "step1000seed450.pt": {
        "env_name": "pick",
        "step": 1000,
        "seed": 450,
        "State MSE": 1.8530929050996212,
        "action MSE": 2.022386678922347
    },
    "step1000seed500.pt": {
        "env_name": "pick",
        "step": 1000,
        "seed": 500,
        "State MSE": 3.052515878386234,
        "action MSE": 2.1934717380113216
    }
}