{
    "step100seed0.pt": {
        "env_name": "halfcheetah",
        "step": 100,
        "seed": 0,
        "mse": 0.01769314892590046
    }
}
{
    "step100seed50.pt": {
        "env_name": "halfcheetah",
        "step": 100,
        "seed": 50,
        "mse": 0.017663396894931793
    }
}
{
    "step100seed100.pt": {
        "env_name": "halfcheetah",
        "step": 100,
        "seed": 100,
        "mse": 0.017577433958649635
    }
}
{
    "step100seed150.pt": {
        "env_name": "halfcheetah",
        "step": 100,
        "seed": 150,
        "mse": 0.01774417981505394
    }
}
{
    "step100seed200.pt": {
        "env_name": "halfcheetah",
        "step": 100,
        "seed": 200,
        "mse": 0.017635522410273552
    }
}
{
    "step100seed250.pt": {
        "env_name": "halfcheetah",
        "step": 100,
        "seed": 250,
        "mse": 0.01757078990340233
    }
}
{
    "step100seed300.pt": {
        "env_name": "halfcheetah",
        "step": 100,
        "seed": 300,
        "mse": 0.017689524218440056
    }
}
{
    "step100seed350.pt": {
        "env_name": "halfcheetah",
        "step": 100,
        "seed": 350,
        "mse": 0.017417825758457184
    }
}
{
    "step100seed400.pt": {
        "env_name": "halfcheetah",
        "step": 100,
        "seed": 400,
        "mse": 0.017659733071923256
    }
}
{
    "step100seed450.pt": {
        "env_name": "halfcheetah",
        "step": 100,
        "seed": 450,
        "mse": 0.01761620119214058
    }
}
{
    "step100seed500.pt": {
        "env_name": "halfcheetah",
        "step": 100,
        "seed": 500,
        "mse": 0.017595723271369934
    }
}
{
    "step200seed0.pt": {
        "env_name": "halfcheetah",
        "step": 200,
        "seed": 0,
        "mse": 0.04323052242398262
    }
}
{
    "step200seed50.pt": {
        "env_name": "halfcheetah",
        "step": 200,
        "seed": 50,
        "mse": 0.043029289692640305
    }
}
{
    "step200seed100.pt": {
        "env_name": "halfcheetah",
        "step": 200,
        "seed": 100,
        "mse": 0.0425538495182991
    }
}
{
    "step200seed150.pt": {
        "env_name": "halfcheetah",
        "step": 200,
        "seed": 150,
        "mse": 0.04294475167989731
    }
}
{
    "step200seed200.pt": {
        "env_name": "halfcheetah",
        "step": 200,
        "seed": 200,
        "mse": 0.04292839765548706
    }
}
{
    "step200seed250.pt": {
        "env_name": "halfcheetah",
        "step": 200,
        "seed": 250,
        "mse": 0.04259294643998146
    }
}
{
    "step200seed300.pt": {
        "env_name": "halfcheetah",
        "step": 200,
        "seed": 300,
        "mse": 0.04312701150774956
    }
}
{
    "step200seed350.pt": {
        "env_name": "halfcheetah",
        "step": 200,
        "seed": 350,
        "mse": 0.042483728379011154
    }
}
{
    "step200seed400.pt": {
        "env_name": "halfcheetah",
        "step": 200,
        "seed": 400,
        "mse": 0.043124474585056305
    }
}
{
    "step200seed450.pt": {
        "env_name": "halfcheetah",
        "step": 200,
        "seed": 450,
        "mse": 0.04312943294644356
    }
}
{
    "step200seed500.pt": {
        "env_name": "halfcheetah",
        "step": 200,
        "seed": 500,
        "mse": 0.042789820581674576
    }
}
{
    "step300seed0.pt": {
        "env_name": "halfcheetah",
        "step": 300,
        "seed": 0,
        "mse": 0.10162051767110825
    }
}
{
    "step300seed50.pt": {
        "env_name": "halfcheetah",
        "step": 300,
        "seed": 50,
        "mse": 0.10142599791288376
    }
}
{
    "step300seed100.pt": {
        "env_name": "halfcheetah",
        "step": 300,
        "seed": 100,
        "mse": 0.10054202377796173
    }
}
{
    "step300seed150.pt": {
        "env_name": "halfcheetah",
        "step": 300,
        "seed": 150,
        "mse": 0.10156483203172684
    }
}
{
    "step300seed200.pt": {
        "env_name": "halfcheetah",
        "step": 300,
        "seed": 200,
        "mse": 0.10111206024885178
    }
}
{
    "step300seed250.pt": {
        "env_name": "halfcheetah",
        "step": 300,
        "seed": 250,
        "mse": 0.09981369227170944
    }
}
{
    "step300seed300.pt": {
        "env_name": "halfcheetah",
        "step": 300,
        "seed": 300,
        "mse": 0.10036907345056534
    }
}
{
    "step300seed350.pt": {
        "env_name": "halfcheetah",
        "step": 300,
        "seed": 350,
        "mse": 0.10065364837646484
    }
}
{
    "step300seed400.pt": {
        "env_name": "halfcheetah",
        "step": 300,
        "seed": 400,
        "mse": 0.10103089362382889
    }
}
{
    "step300seed450.pt": {
        "env_name": "halfcheetah",
        "step": 300,
        "seed": 450,
        "mse": 0.10164917260408401
    }
}
{
    "step300seed500.pt": {
        "env_name": "halfcheetah",
        "step": 300,
        "seed": 500,
        "mse": 0.10131053626537323
    }
}
{
    "step400seed0.pt": {
        "env_name": "halfcheetah",
        "step": 400,
        "seed": 0,
        "mse": 0.23762498795986176
    }
}
{
    "step400seed50.pt": {
        "env_name": "halfcheetah",
        "step": 400,
        "seed": 50,
        "mse": 0.2378089725971222
    }
}
{
    "step400seed100.pt": {
        "env_name": "halfcheetah",
        "step": 400,
        "seed": 100,
        "mse": 0.2359233796596527
    }
}
{
    "step400seed150.pt": {
        "env_name": "halfcheetah",
        "step": 400,
        "seed": 150,
        "mse": 0.2394217848777771
    }
}
{
    "step400seed200.pt": {
        "env_name": "halfcheetah",
        "step": 400,
        "seed": 200,
        "mse": 0.23640231788158417
    }
}
{
    "step400seed250.pt": {
        "env_name": "halfcheetah",
        "step": 400,
        "seed": 250,
        "mse": 0.23591141402721405
    }
}
{
    "step400seed300.pt": {
        "env_name": "halfcheetah",
        "step": 400,
        "seed": 300,
        "mse": 0.23550130426883698
    }
}
{
    "step400seed350.pt": {
        "env_name": "halfcheetah",
        "step": 400,
        "seed": 350,
        "mse": 0.2384829968214035
    }
}
{
    "step400seed400.pt": {
        "env_name": "halfcheetah",
        "step": 400,
        "seed": 400,
        "mse": 0.23617449402809143
    }
}
{
    "step400seed450.pt": {
        "env_name": "halfcheetah",
        "step": 400,
        "seed": 450,
        "mse": 0.24077774584293365
    }
}
{
    "step400seed500.pt": {
        "env_name": "halfcheetah",
        "step": 400,
        "seed": 500,
        "mse": 0.23935937881469727
    }
}
{
    "step500seed0.pt": {
        "env_name": "halfcheetah",
        "step": 500,
        "seed": 0,
        "mse": 0.6430644392967224
    }
}
{
    "step500seed50.pt": {
        "env_name": "halfcheetah",
        "step": 500,
        "seed": 50,
        "mse": 0.6486178040504456
    }
}
{
    "step500seed100.pt": {
        "env_name": "halfcheetah",
        "step": 500,
        "seed": 100,
        "mse": 0.6464345455169678
    }
}
{
    "step500seed150.pt": {
        "env_name": "halfcheetah",
        "step": 500,
        "seed": 150,
        "mse": 0.6532208323478699
    }
}
{
    "step500seed200.pt": {
        "env_name": "halfcheetah",
        "step": 500,
        "seed": 200,
        "mse": 0.639731764793396
    }
}
{
    "step500seed250.pt": {
        "env_name": "halfcheetah",
        "step": 500,
        "seed": 250,
        "mse": 0.6382662057876587
    }
}
{
    "step500seed300.pt": {
        "env_name": "halfcheetah",
        "step": 500,
        "seed": 300,
        "mse": 0.6455307006835938
    }
}
{
    "step500seed350.pt": {
        "env_name": "halfcheetah",
        "step": 500,
        "seed": 350,
        "mse": 0.6524466276168823
    }
}
{
    "step500seed400.pt": {
        "env_name": "halfcheetah",
        "step": 500,
        "seed": 400,
        "mse": 0.6545916199684143
    }
}
{
    "step500seed450.pt": {
        "env_name": "halfcheetah",
        "step": 500,
        "seed": 450,